{"cameraMode":{"drawMode":0,"name":"Shaded","section":"Shading Mode"},"sceneLighting":true,"audioPlay":false,"sceneViewState":{"m_AlwaysRefresh":false,"showFog":true,"showSkybox":true,"showFlares":true,"showImageEffects":true,"showParticleSystems":true,"showVisualEffectGraphs":true,"m_FxEnabled":true},"in2DMode":false,"pivot":{"x":-0.27164745330810549,"y":3.9262728691101076,"z":1.7155060768127442},"rotation":{"x":0.08608732372522354,"y":-0.6377848982810974,"z":0.07205512374639511,"w":0.7619894742965698},"size":4.633578300476074,"orthographic":false}